/content/drive/My Drive/Datasets/HW9Image/dataset/train/137.jpg,,,,,
/content/drive/My Drive/Datasets/HW9Image/dataset/train/147.jpg,505,167,590,267,tennis
/content/drive/My Drive/Datasets/HW9Image/dataset/train/147.jpg,571,151,653,249,tennis
/content/drive/My Drive/Datasets/HW9Image/dataset/train/147.jpg,632,134,720,232,tennis
/content/drive/My Drive/Datasets/HW9Image/dataset/train/147.jpg,692,124,778,215,tennis
/content/drive/My Drive/Datasets/HW9Image/dataset/train/147.jpg,753,107,840,196,tennis
/content/drive/My Drive/Datasets/HW9Image/dataset/train/147.jpg,810,95,904,184,tennis
/content/drive/My Drive/Datasets/HW9Image/dataset/train/152.jpg,,,,,
/content/drive/My Drive/Datasets/HW9Image/dataset/train/121.jpg,383,203,480,317,baseball
/content/drive/My Drive/Datasets/HW9Image/dataset/train/165.jpg,,,,,
/content/drive/My Drive/Datasets/HW9Image/dataset/train/155.jpg,,,,,
/content/drive/My Drive/Datasets/HW9Image/dataset/train/225.jpg,,,,,
/content/drive/My Drive/Datasets/HW9Image/dataset/train/209.jpg,556,346,628,391,tennis
/content/drive/My Drive/Datasets/HW9Image/dataset/train/236.jpg,399,230,505,295,baseball
/content/drive/My Drive/Datasets/HW9Image/dataset/train/236.jpg,226,466,326,534,baseball
/content/drive/My Drive/Datasets/HW9Image/dataset/train/208.jpg,427,330,494,381,tennis
/content/drive/My Drive/Datasets/HW9Image/dataset/train/162.jpg,,,,,
/content/drive/My Drive/Datasets/HW9Image/dataset/train/181.jpg,,,,,
/content/drive/My Drive/Datasets/HW9Image/dataset/train/200.jpg,468,313,544,373,baseball
/content/drive/My Drive/Datasets/HW9Image/dataset/train/220.jpg,,,,,
/content/drive/My Drive/Datasets/HW9Image/dataset/train/226.jpg,372,488,418,543,tennis
/content/drive/My Drive/Datasets/HW9Image/dataset/train/226.jpg,409,506,447,551,tennis
/content/drive/My Drive/Datasets/HW9Image/dataset/train/226.jpg,432,441,469,487,tennis
/content/drive/My Drive/Datasets/HW9Image/dataset/train/226.jpg,460,451,499,496,tennis
/content/drive/My Drive/Datasets/HW9Image/dataset/train/226.jpg,537,163,619,229,baseball
/content/drive/My Drive/Datasets/HW9Image/dataset/train/226.jpg,504,270,581,325,baseball
/content/drive/My Drive/Datasets/HW9Image/dataset/train/166.jpg,,,,,
/content/drive/My Drive/Datasets/HW9Image/dataset/train/203.jpg,61,284,171,357,baseball
/content/drive/My Drive/Datasets/HW9Image/dataset/train/203.jpg,637,207,704,262,baseball
/content/drive/My Drive/Datasets/HW9Image/dataset/train/207.jpg,118,330,163,389,tennis
/content/drive/My Drive/Datasets/HW9Image/dataset/train/176.jpg,,,,,
/content/drive/My Drive/Datasets/HW9Image/dataset/train/228.jpg,134,210,168,271,tennis
/content/drive/My Drive/Datasets/HW9Image/dataset/train/228.jpg,176,210,215,272,tennis
/content/drive/My Drive/Datasets/HW9Image/dataset/train/233.jpg,325,362,412,431,baseball
/content/drive/My Drive/Datasets/HW9Image/dataset/train/233.jpg,511,429,591,485,baseball
/content/drive/My Drive/Datasets/HW9Image/dataset/train/233.jpg,553,275,608,321,baseball
/content/drive/My Drive/Datasets/HW9Image/dataset/train/233.jpg,519,5,594,63,baseball
/content/drive/My Drive/Datasets/HW9Image/dataset/train/156.jpg,249,280,308,381,tennis
/content/drive/My Drive/Datasets/HW9Image/dataset/train/156.jpg,313,278,369,380,tennis
/content/drive/My Drive/Datasets/HW9Image/dataset/train/160.jpg,,,,,
/content/drive/My Drive/Datasets/HW9Image/dataset/train/214.jpg,,,,,
/content/drive/My Drive/Datasets/HW9Image/dataset/train/202.jpg,243,338,306,391,tennis
/content/drive/My Drive/Datasets/HW9Image/dataset/train/202.jpg,273,355,342,413,tennis
/content/drive/My Drive/Datasets/HW9Image/dataset/train/202.jpg,303,372,370,432,tennis
/content/drive/My Drive/Datasets/HW9Image/dataset/train/202.jpg,335,387,399,448,tennis
/content/drive/My Drive/Datasets/HW9Image/dataset/train/202.jpg,384,415,455,480,tennis
/content/drive/My Drive/Datasets/HW9Image/dataset/train/202.jpg,417,435,482,494,tennis
/content/drive/My Drive/Datasets/HW9Image/dataset/train/184.jpg,,,,,
/content/drive/My Drive/Datasets/HW9Image/dataset/train/175.jpg,,,,,
/content/drive/My Drive/Datasets/HW9Image/dataset/train/234.jpg,255,259,347,326,baseball
/content/drive/My Drive/Datasets/HW9Image/dataset/train/234.jpg,405,241,499,310,baseball
/content/drive/My Drive/Datasets/HW9Image/dataset/train/234.jpg,370,76,461,135,baseball
/content/drive/My Drive/Datasets/HW9Image/dataset/train/222.jpg,383,476,422,556,tennis
/content/drive/My Drive/Datasets/HW9Image/dataset/train/222.jpg,427,482,468,561,tennis
/content/drive/My Drive/Datasets/HW9Image/dataset/train/222.jpg,484,485,524,565,tennis
/content/drive/My Drive/Datasets/HW9Image/dataset/train/222.jpg,530,490,571,568,tennis
/content/drive/My Drive/Datasets/HW9Image/dataset/train/196.jpg,,,,,
/content/drive/My Drive/Datasets/HW9Image/dataset/train/168.jpg,,,,,
/content/drive/My Drive/Datasets/HW9Image/dataset/train/190.jpg,,,,,
/content/drive/My Drive/Datasets/HW9Image/dataset/train/180.jpg,,,,,
/content/drive/My Drive/Datasets/HW9Image/dataset/train/255.jpg,162,111,242,176,baseball
/content/drive/My Drive/Datasets/HW9Image/dataset/train/257.jpg,104,247,159,301,tennis
/content/drive/My Drive/Datasets/HW9Image/dataset/train/257.jpg,127,262,176,316,tennis
/content/drive/My Drive/Datasets/HW9Image/dataset/train/257.jpg,143,280,197,336,tennis
/content/drive/My Drive/Datasets/HW9Image/dataset/train/257.jpg,167,298,219,346,tennis
/content/drive/My Drive/Datasets/HW9Image/dataset/train/257.jpg,186,313,243,365,tennis
/content/drive/My Drive/Datasets/HW9Image/dataset/train/263.jpg,363,363,431,425,baseball
/content/drive/My Drive/Datasets/HW9Image/dataset/train/262.jpg,492,275,569,322,tennis
/content/drive/My Drive/Datasets/HW9Image/dataset/train/262.jpg,485,308,555,351,tennis
/content/drive/My Drive/Datasets/HW9Image/dataset/train/262.jpg,475,338,546,382,tennis
/content/drive/My Drive/Datasets/HW9Image/dataset/train/262.jpg,462,369,536,414,tennis
/content/drive/My Drive/Datasets/HW9Image/dataset/train/262.jpg,449,400,524,445,tennis
/content/drive/My Drive/Datasets/HW9Image/dataset/train/262.jpg,609,6,708,88,baseball
/content/drive/My Drive/Datasets/HW9Image/dataset/train/262.jpg,598,468,694,549,baseball
/content/drive/My Drive/Datasets/HW9Image/dataset/train/262.jpg,920,47,1001,106,baseball
/content/drive/My Drive/Datasets/HW9Image/dataset/train/262.jpg,953,433,1076,539,baseball
/content/drive/My Drive/Datasets/HW9Image/dataset/train/252.jpg,556,186,600,242,tennis
/content/drive/My Drive/Datasets/HW9Image/dataset/train/252.jpg,587,184,633,240,tennis
/content/drive/My Drive/Datasets/HW9Image/dataset/train/252.jpg,488,129,529,184,tennis
/content/drive/My Drive/Datasets/HW9Image/dataset/train/252.jpg,517,127,556,182,tennis
/content/drive/My Drive/Datasets/HW9Image/dataset/train/252.jpg,546,127,584,178,tennis
/content/drive/My Drive/Datasets/HW9Image/dataset/train/252.jpg,571,125,611,175,tennis
/content/drive/My Drive/Datasets/HW9Image/dataset/train/252.jpg,507,74,548,124,tennis
/content/drive/My Drive/Datasets/HW9Image/dataset/train/252.jpg,536,72,577,120,tennis
/content/drive/My Drive/Datasets/HW9Image/dataset/train/252.jpg,354,23,439,84,baseball
/content/drive/My Drive/Datasets/HW9Image/dataset/train/276.jpg,,,,,
/content/drive/My Drive/Datasets/HW9Image/dataset/train/290.jpg,,,,,
/content/drive/My Drive/Datasets/HW9Image/dataset/train/285.jpg,,,,,
/content/drive/My Drive/Datasets/HW9Image/dataset/train/297.jpg,,,,,
/content/drive/My Drive/Datasets/HW9Image/dataset/train/242.jpg,307,263,388,313,baseball
/content/drive/My Drive/Datasets/HW9Image/dataset/train/242.jpg,173,432,258,485,baseball
/content/drive/My Drive/Datasets/HW9Image/dataset/train/280.jpg,,,,,
/content/drive/My Drive/Datasets/HW9Image/dataset/train/250.jpg,542,357,580,431,tennis
/content/drive/My Drive/Datasets/HW9Image/dataset/train/250.jpg,579,362,616,434,tennis
/content/drive/My Drive/Datasets/HW9Image/dataset/train/250.jpg,616,365,653,436,tennis
/content/drive/My Drive/Datasets/HW9Image/dataset/train/250.jpg,650,367,689,439,tennis
/content/drive/My Drive/Datasets/HW9Image/dataset/train/250.jpg,385,100,478,178,baseball
/content/drive/My Drive/Datasets/HW9Image/dataset/train/250.jpg,329,349,407,421,baseball
/content/drive/My Drive/Datasets/HW9Image/dataset/train/250.jpg,646,232,729,302,baseball
/content/drive/My Drive/Datasets/HW9Image/dataset/train/239.jpg,232,366,326,431,baseball
/content/drive/My Drive/Datasets/HW9Image/dataset/train/239.jpg,422,124,486,163,baseball
/content/drive/My Drive/Datasets/HW9Image/dataset/train/239.jpg,505,193,562,231,baseball
/content/drive/My Drive/Datasets/HW9Image/dataset/train/275.jpg,,,,,
/content/drive/My Drive/Datasets/HW9Image/dataset/train/261.jpg,588,68,690,131,baseball
/content/drive/My Drive/Datasets/HW9Image/dataset/train/261.jpg,595,246,673,302,baseball
/content/drive/My Drive/Datasets/HW9Image/dataset/train/278.jpg,,,,,
/content/drive/My Drive/Datasets/HW9Image/dataset/train/237.jpg,,,,,
/content/drive/My Drive/Datasets/HW9Image/dataset/train/279.jpg,,,,,
/content/drive/My Drive/Datasets/HW9Image/dataset/train/281.jpg,,,,,
/content/drive/My Drive/Datasets/HW9Image/dataset/train/249.jpg,317,338,409,396,baseball
/content/drive/My Drive/Datasets/HW9Image/dataset/train/253.jpg,412,127,466,164,tennis
/content/drive/My Drive/Datasets/HW9Image/dataset/train/253.jpg,466,153,523,190,tennis
/content/drive/My Drive/Datasets/HW9Image/dataset/train/253.jpg,425,108,479,144,tennis
/content/drive/My Drive/Datasets/HW9Image/dataset/train/253.jpg,478,130,533,167,tennis
/content/drive/My Drive/Datasets/HW9Image/dataset/train/253.jpg,324,330,420,404,baseball
/content/drive/My Drive/Datasets/HW9Image/dataset/train/238.jpg,576,384,625,428,tennis
/content/drive/My Drive/Datasets/HW9Image/dataset/train/238.jpg,605,401,652,450,tennis
/content/drive/My Drive/Datasets/HW9Image/dataset/train/238.jpg,633,414,677,474,tennis
/content/drive/My Drive/Datasets/HW9Image/dataset/train/238.jpg,662,436,711,496,tennis
/content/drive/My Drive/Datasets/HW9Image/dataset/train/238.jpg,694,456,740,515,tennis
/content/drive/My Drive/Datasets/HW9Image/dataset/train/238.jpg,721,474,764,531,tennis
/content/drive/My Drive/Datasets/HW9Image/dataset/train/238.jpg,630,321,672,371,tennis
/content/drive/My Drive/Datasets/HW9Image/dataset/train/238.jpg,659,335,695,387,tennis
/content/drive/My Drive/Datasets/HW9Image/dataset/train/238.jpg,682,351,727,409,tennis
/content/drive/My Drive/Datasets/HW9Image/dataset/train/238.jpg,709,368,756,427,tennis
/content/drive/My Drive/Datasets/HW9Image/dataset/train/238.jpg,741,391,786,446,tennis
/content/drive/My Drive/Datasets/HW9Image/dataset/train/238.jpg,770,409,811,463,tennis
/content/drive/My Drive/Datasets/HW9Image/dataset/train/238.jpg,809,282,988,392,baseball
/content/drive/My Drive/Datasets/HW9Image/dataset/train/241.jpg,,,,,
/content/drive/My Drive/Datasets/HW9Image/dataset/train/282.jpg,87,394,133,447,tennis
/content/drive/My Drive/Datasets/HW9Image/dataset/train/282.jpg,123,386,168,434,tennis
/content/drive/My Drive/Datasets/HW9Image/dataset/train/282.jpg,97,463,147,521,tennis
/content/drive/My Drive/Datasets/HW9Image/dataset/train/282.jpg,133,449,179,509,tennis
/content/drive/My Drive/Datasets/HW9Image/dataset/train/282.jpg,174,438,219,496,tennis
/content/drive/My Drive/Datasets/HW9Image/dataset/train/282.jpg,207,429,252,485,tennis
/content/drive/My Drive/Datasets/HW9Image/dataset/train/259.jpg,213,79,300,137,baseball
/content/drive/My Drive/Datasets/HW9Image/dataset/train/273.jpg,,,,,
/content/drive/My Drive/Datasets/HW9Image/dataset/train/246.jpg,100,288,153,351,tennis
/content/drive/My Drive/Datasets/HW9Image/dataset/train/246.jpg,135,305,183,362,tennis
/content/drive/My Drive/Datasets/HW9Image/dataset/train/246.jpg,144,225,200,279,tennis
/content/drive/My Drive/Datasets/HW9Image/dataset/train/246.jpg,182,239,233,291,tennis
/content/drive/My Drive/Datasets/HW9Image/dataset/train/294.jpg,,,,,
/content/drive/My Drive/Datasets/HW9Image/dataset/train/247.jpg,156,191,219,248,tennis
/content/drive/My Drive/Datasets/HW9Image/dataset/train/247.jpg,187,218,235,270,tennis
/content/drive/My Drive/Datasets/HW9Image/dataset/train/247.jpg,212,236,259,284,tennis
/content/drive/My Drive/Datasets/HW9Image/dataset/train/247.jpg,234,256,289,308,tennis
/content/drive/My Drive/Datasets/HW9Image/dataset/train/247.jpg,336,26,457,95,baseball
/content/drive/My Drive/Datasets/HW9Image/dataset/train/247.jpg,238,401,327,468,baseball
/content/drive/My Drive/Datasets/HW9Image/dataset/train/247.jpg,797,305,874,372,baseball
/content/drive/My Drive/Datasets/HW9Image/dataset/train/258.jpg,33,195,99,245,baseball
/content/drive/My Drive/Datasets/HW9Image/dataset/train/258.jpg,493,189,585,255,baseball
/content/drive/My Drive/Datasets/HW9Image/dataset/train/295.jpg,,,,,
/content/drive/My Drive/Datasets/HW9Image/dataset/train/342.jpg,684,156,771,222,tennis
/content/drive/My Drive/Datasets/HW9Image/dataset/train/342.jpg,727,132,811,199,tennis
/content/drive/My Drive/Datasets/HW9Image/dataset/train/342.jpg,760,238,851,310,tennis
/content/drive/My Drive/Datasets/HW9Image/dataset/train/342.jpg,804,209,895,281,tennis
/content/drive/My Drive/Datasets/HW9Image/dataset/train/307.jpg,,,,,
/content/drive/My Drive/Datasets/HW9Image/dataset/train/344.jpg,179,480,251,534,tennis
/content/drive/My Drive/Datasets/HW9Image/dataset/train/344.jpg,209,447,278,502,tennis
/content/drive/My Drive/Datasets/HW9Image/dataset/train/344.jpg,246,532,320,594,tennis
/content/drive/My Drive/Datasets/HW9Image/dataset/train/344.jpg,279,498,350,558,tennis
/content/drive/My Drive/Datasets/HW9Image/dataset/train/344.jpg,332,28,387,65,tennis
/content/drive/My Drive/Datasets/HW9Image/dataset/train/344.jpg,355,12,411,46,tennis
/content/drive/My Drive/Datasets/HW9Image/dataset/train/344.jpg,513,57,605,123,baseball
/content/drive/My Drive/Datasets/HW9Image/dataset/train/316.jpg,,,,,
/content/drive/My Drive/Datasets/HW9Image/dataset/train/347.jpg,161,89,210,139,tennis
/content/drive/My Drive/Datasets/HW9Image/dataset/train/347.jpg,252,61,301,110,tennis
/content/drive/My Drive/Datasets/HW9Image/dataset/train/347.jpg,36,217,92,280,tennis
/content/drive/My Drive/Datasets/HW9Image/dataset/train/347.jpg,126,202,179,262,tennis
/content/drive/My Drive/Datasets/HW9Image/dataset/train/347.jpg,207,176,263,234,tennis
/content/drive/My Drive/Datasets/HW9Image/dataset/train/347.jpg,282,150,343,211,tennis
/content/drive/My Drive/Datasets/HW9Image/dataset/train/347.jpg,362,126,420,182,tennis
/content/drive/My Drive/Datasets/HW9Image/dataset/train/347.jpg,431,94,490,148,tennis
/content/drive/My Drive/Datasets/HW9Image/dataset/train/337.jpg,353,314,440,390,tennis
/content/drive/My Drive/Datasets/HW9Image/dataset/train/337.jpg,398,289,481,366,tennis
/content/drive/My Drive/Datasets/HW9Image/dataset/train/337.jpg,438,266,523,339,tennis
/content/drive/My Drive/Datasets/HW9Image/dataset/train/349.jpg,365,230,441,289,tennis
/content/drive/My Drive/Datasets/HW9Image/dataset/train/349.jpg,404,206,480,264,tennis
/content/drive/My Drive/Datasets/HW9Image/dataset/train/314.jpg,,,,,
/content/drive/My Drive/Datasets/HW9Image/dataset/train/348.jpg,419,195,470,268,tennis
/content/drive/My Drive/Datasets/HW9Image/dataset/train/312.jpg,,,,,
/content/drive/My Drive/Datasets/HW9Image/dataset/train/309.jpg,,,,,
/content/drive/My Drive/Datasets/HW9Image/dataset/train/332.jpg,182,366,273,447,tennis
/content/drive/My Drive/Datasets/HW9Image/dataset/train/332.jpg,224,393,307,468,tennis
/content/drive/My Drive/Datasets/HW9Image/dataset/train/332.jpg,256,417,346,492,tennis
/content/drive/My Drive/Datasets/HW9Image/dataset/train/332.jpg,293,434,379,518,tennis
/content/drive/My Drive/Datasets/HW9Image/dataset/train/332.jpg,363,464,440,556,tennis
/content/drive/My Drive/Datasets/HW9Image/dataset/train/332.jpg,393,489,481,572,tennis
/content/drive/My Drive/Datasets/HW9Image/dataset/train/329.jpg,59,82,100,137,tennis
/content/drive/My Drive/Datasets/HW9Image/dataset/train/329.jpg,97,75,145,129,tennis
/content/drive/My Drive/Datasets/HW9Image/dataset/train/329.jpg,110,126,157,185,tennis
/content/drive/My Drive/Datasets/HW9Image/dataset/train/329.jpg,153,116,197,167,tennis
/content/drive/My Drive/Datasets/HW9Image/dataset/train/329.jpg,196,109,244,162,tennis
/content/drive/My Drive/Datasets/HW9Image/dataset/train/329.jpg,121,184,167,242,tennis
/content/drive/My Drive/Datasets/HW9Image/dataset/train/329.jpg,162,169,215,222,tennis
/content/drive/My Drive/Datasets/HW9Image/dataset/train/329.jpg,207,168,259,218,tennis
/content/drive/My Drive/Datasets/HW9Image/dataset/train/329.jpg,253,162,306,212,tennis
/content/drive/My Drive/Datasets/HW9Image/dataset/train/329.jpg,171,226,224,281,tennis
/content/drive/My Drive/Datasets/HW9Image/dataset/train/329.jpg,220,228,275,283,tennis
/content/drive/My Drive/Datasets/HW9Image/dataset/train/329.jpg,269,229,324,284,tennis
/content/drive/My Drive/Datasets/HW9Image/dataset/train/329.jpg,330,193,395,252,tennis
/content/drive/My Drive/Datasets/HW9Image/dataset/train/329.jpg,211,329,272,397,tennis
/content/drive/My Drive/Datasets/HW9Image/dataset/train/329.jpg,316,334,378,402,tennis
/content/drive/My Drive/Datasets/HW9Image/dataset/train/329.jpg,474,374,522,420,tennis
/content/drive/My Drive/Datasets/HW9Image/dataset/train/329.jpg,706,229,759,283,tennis
/content/drive/My Drive/Datasets/HW9Image/dataset/train/329.jpg,752,215,809,270,tennis
/content/drive/My Drive/Datasets/HW9Image/dataset/train/329.jpg,803,222,855,275,tennis
/content/drive/My Drive/Datasets/HW9Image/dataset/train/329.jpg,844,230,901,287,tennis
/content/drive/My Drive/Datasets/HW9Image/dataset/train/329.jpg,732,292,779,345,tennis
/content/drive/My Drive/Datasets/HW9Image/dataset/train/329.jpg,773,288,824,342,tennis
/content/drive/My Drive/Datasets/HW9Image/dataset/train/329.jpg,820,280,869,342,tennis
/content/drive/My Drive/Datasets/HW9Image/dataset/train/329.jpg,967,376,1018,424,tennis
/content/drive/My Drive/Datasets/HW9Image/dataset/train/334.jpg,172,219,248,343,tennis
/content/drive/My Drive/Datasets/HW9Image/dataset/train/334.jpg,251,211,330,329,tennis
/content/drive/My Drive/Datasets/HW9Image/dataset/train/343.jpg,648,368,745,447,tennis
/content/drive/My Drive/Datasets/HW9Image/dataset/train/343.jpg,693,342,785,415,tennis
/content/drive/My Drive/Datasets/HW9Image/dataset/train/311.jpg,,,,,
/content/drive/My Drive/Datasets/HW9Image/dataset/train/330.jpg,534,92,581,131,tennis
/content/drive/My Drive/Datasets/HW9Image/dataset/train/330.jpg,562,85,607,125,tennis
/content/drive/My Drive/Datasets/HW9Image/dataset/train/330.jpg,561,139,610,177,tennis
/content/drive/My Drive/Datasets/HW9Image/dataset/train/330.jpg,588,131,634,170,tennis
/content/drive/My Drive/Datasets/HW9Image/dataset/train/330.jpg,613,121,661,163,tennis
/content/drive/My Drive/Datasets/HW9Image/dataset/train/330.jpg,639,115,688,156,tennis
/content/drive/My Drive/Datasets/HW9Image/dataset/train/326.jpg,,,,,
/content/drive/My Drive/Datasets/HW9Image/dataset/train/341.jpg,523,142,576,207,tennis
/content/drive/My Drive/Datasets/HW9Image/dataset/train/341.jpg,570,155,618,218,tennis
/content/drive/My Drive/Datasets/HW9Image/dataset/train/341.jpg,612,170,660,231,tennis
/content/drive/My Drive/Datasets/HW9Image/dataset/train/341.jpg,654,180,696,244,tennis
/content/drive/My Drive/Datasets/HW9Image/dataset/train/341.jpg,99,193,244,305,baseball
/content/drive/My Drive/Datasets/HW9Image/dataset/train/341.jpg,369,142,465,220,baseball
/content/drive/My Drive/Datasets/HW9Image/dataset/train/345.jpg,216,94,270,162,tennis
/content/drive/My Drive/Datasets/HW9Image/dataset/train/345.jpg,261,87,317,152,tennis
/content/drive/My Drive/Datasets/HW9Image/dataset/train/345.jpg,306,75,364,142,tennis
/content/drive/My Drive/Datasets/HW9Image/dataset/train/345.jpg,382,107,442,176,tennis
/content/drive/My Drive/Datasets/HW9Image/dataset/train/345.jpg,430,97,486,164,tennis
/content/drive/My Drive/Datasets/HW9Image/dataset/train/345.jpg,507,130,569,201,tennis
/content/drive/My Drive/Datasets/HW9Image/dataset/train/345.jpg,550,121,614,190,tennis
/content/drive/My Drive/Datasets/HW9Image/dataset/train/345.jpg,175,218,233,293,tennis
/content/drive/My Drive/Datasets/HW9Image/dataset/train/345.jpg,224,207,281,280,tennis
/content/drive/My Drive/Datasets/HW9Image/dataset/train/345.jpg,273,197,329,270,tennis
/content/drive/My Drive/Datasets/HW9Image/dataset/train/345.jpg,353,232,411,309,tennis
/content/drive/My Drive/Datasets/HW9Image/dataset/train/345.jpg,400,223,461,297,tennis
/content/drive/My Drive/Datasets/HW9Image/dataset/train/345.jpg,482,258,548,335,tennis
/content/drive/My Drive/Datasets/HW9Image/dataset/train/345.jpg,530,246,596,324,tennis
/content/drive/My Drive/Datasets/HW9Image/dataset/train/345.jpg,576,234,645,311,tennis
/content/drive/My Drive/Datasets/HW9Image/dataset/train/345.jpg,529,398,598,486,tennis
/content/drive/My Drive/Datasets/HW9Image/dataset/train/345.jpg,580,385,648,472,tennis
/content/drive/My Drive/Datasets/HW9Image/dataset/train/345.jpg,629,372,699,459,tennis
/content/drive/My Drive/Datasets/HW9Image/dataset/train/333.jpg,117,194,265,265,tennis
/content/drive/My Drive/Datasets/HW9Image/dataset/train/333.jpg,377,110,524,174,tennis
/content/drive/My Drive/Datasets/HW9Image/dataset/train/333.jpg,379,207,526,282,tennis
/content/drive/My Drive/Datasets/HW9Image/dataset/train/333.jpg,557,117,703,183,tennis
/content/drive/My Drive/Datasets/HW9Image/dataset/train/333.jpg,394,62,506,105,tennis
/content/drive/My Drive/Datasets/HW9Image/dataset/train/317.jpg,,,,,
/content/drive/My Drive/Datasets/HW9Image/dataset/train/339.jpg,625,150,697,190,tennis
/content/drive/My Drive/Datasets/HW9Image/dataset/train/339.jpg,641,172,708,213,tennis
/content/drive/My Drive/Datasets/HW9Image/dataset/train/339.jpg,654,195,723,239,tennis
/content/drive/My Drive/Datasets/HW9Image/dataset/train/339.jpg,664,220,736,267,tennis
/content/drive/My Drive/Datasets/HW9Image/dataset/train/339.jpg,682,244,754,290,tennis
/content/drive/My Drive/Datasets/HW9Image/dataset/train/339.jpg,693,269,770,315,tennis
/content/drive/My Drive/Datasets/HW9Image/dataset/train/339.jpg,713,292,784,340,tennis
/content/drive/My Drive/Datasets/HW9Image/dataset/train/339.jpg,457,274,581,361,baseball
/content/drive/My Drive/Datasets/HW9Image/dataset/train/339.jpg,158,213,230,270,baseball
/content/drive/My Drive/Datasets/HW9Image/dataset/train/328.jpg,173,80,275,120,tennis
/content/drive/My Drive/Datasets/HW9Image/dataset/train/328.jpg,167,129,273,168,tennis
/content/drive/My Drive/Datasets/HW9Image/dataset/train/328.jpg,163,175,270,211,tennis
/content/drive/My Drive/Datasets/HW9Image/dataset/train/328.jpg,155,223,266,263,tennis
/content/drive/My Drive/Datasets/HW9Image/dataset/train/328.jpg,317,78,418,114,tennis
/content/drive/My Drive/Datasets/HW9Image/dataset/train/328.jpg,315,123,422,162,tennis
/content/drive/My Drive/Datasets/HW9Image/dataset/train/328.jpg,313,167,425,208,tennis
/content/drive/My Drive/Datasets/HW9Image/dataset/train/328.jpg,312,214,426,260,tennis
/content/drive/My Drive/Datasets/HW9Image/dataset/train/328.jpg,460,73,565,110,tennis
/content/drive/My Drive/Datasets/HW9Image/dataset/train/328.jpg,463,116,571,153,tennis
/content/drive/My Drive/Datasets/HW9Image/dataset/train/328.jpg,466,162,574,205,tennis
/content/drive/My Drive/Datasets/HW9Image/dataset/train/328.jpg,468,209,577,250,tennis
/content/drive/My Drive/Datasets/HW9Image/dataset/train/328.jpg,602,70,709,108,tennis
/content/drive/My Drive/Datasets/HW9Image/dataset/train/328.jpg,609,114,717,151,tennis
/content/drive/My Drive/Datasets/HW9Image/dataset/train/328.jpg,615,157,728,198,tennis
/content/drive/My Drive/Datasets/HW9Image/dataset/train/328.jpg,621,202,736,247,tennis
/content/drive/My Drive/Datasets/HW9Image/dataset/train/346.jpg,381,209,452,313,tennis
/content/drive/My Drive/Datasets/HW9Image/dataset/train/346.jpg,454,206,528,307,tennis
/content/drive/My Drive/Datasets/HW9Image/dataset/train/331.jpg,483,278,570,353,tennis
/content/drive/My Drive/Datasets/HW9Image/dataset/train/331.jpg,421,304,504,383,tennis
/content/drive/My Drive/Datasets/HW9Image/dataset/train/355.jpg,81,168,119,238,tennis
/content/drive/My Drive/Datasets/HW9Image/dataset/train/355.jpg,121,176,172,245,tennis
/content/drive/My Drive/Datasets/HW9Image/dataset/train/355.jpg,176,183,231,250,tennis
/content/drive/My Drive/Datasets/HW9Image/dataset/train/355.jpg,224,186,275,255,tennis
/content/drive/My Drive/Datasets/HW9Image/dataset/train/355.jpg,280,191,329,258,tennis
/content/drive/My Drive/Datasets/HW9Image/dataset/train/355.jpg,324,195,377,261,tennis
/content/drive/My Drive/Datasets/HW9Image/dataset/train/355.jpg,384,203,431,269,tennis
/content/drive/My Drive/Datasets/HW9Image/dataset/train/355.jpg,428,207,479,274,tennis
/content/drive/My Drive/Datasets/HW9Image/dataset/train/355.jpg,493,210,542,279,tennis
/content/drive/My Drive/Datasets/HW9Image/dataset/train/355.jpg,542,217,593,285,tennis
/content/drive/My Drive/Datasets/HW9Image/dataset/train/355.jpg,601,220,647,291,tennis
/content/drive/My Drive/Datasets/HW9Image/dataset/train/355.jpg,650,224,698,295,tennis
/content/drive/My Drive/Datasets/HW9Image/dataset/train/355.jpg,708,227,754,301,tennis
/content/drive/My Drive/Datasets/HW9Image/dataset/train/355.jpg,601,338,647,422,tennis
/content/drive/My Drive/Datasets/HW9Image/dataset/train/355.jpg,652,345,699,429,tennis
/content/drive/My Drive/Datasets/HW9Image/dataset/train/355.jpg,711,348,761,432,tennis
/content/drive/My Drive/Datasets/HW9Image/dataset/train/355.jpg,762,356,812,436,tennis
/content/drive/My Drive/Datasets/HW9Image/dataset/train/354.jpg,476,273,597,357,tennis
/content/drive/My Drive/Datasets/HW9Image/dataset/train/354.jpg,492,325,619,409,tennis
/content/drive/My Drive/Datasets/HW9Image/dataset/train/354.jpg,516,380,637,462,tennis
/content/drive/My Drive/Datasets/HW9Image/dataset/train/362.jpg,174,314,248,366,tennis
/content/drive/My Drive/Datasets/HW9Image/dataset/train/362.jpg,243,365,317,416,tennis
/content/drive/My Drive/Datasets/HW9Image/dataset/train/362.jpg,197,289,267,339,tennis
/content/drive/My Drive/Datasets/HW9Image/dataset/train/362.jpg,267,339,338,392,tennis
/content/drive/My Drive/Datasets/HW9Image/dataset/train/362.jpg,219,262,288,314,tennis
/content/drive/My Drive/Datasets/HW9Image/dataset/train/362.jpg,286,313,360,363,tennis
/content/drive/My Drive/Datasets/HW9Image/dataset/train/362.jpg,241,238,307,291,tennis
/content/drive/My Drive/Datasets/HW9Image/dataset/train/362.jpg,310,286,380,340,tennis
/content/drive/My Drive/Datasets/HW9Image/dataset/train/362.jpg,421,354,552,476,baseball
/content/drive/My Drive/Datasets/HW9Image/dataset/train/362.jpg,147,17,237,77,baseball
/content/drive/My Drive/Datasets/HW9Image/dataset/train/359.jpg,303,288,365,358,tennis
/content/drive/My Drive/Datasets/HW9Image/dataset/train/359.jpg,390,272,447,346,tennis
/content/drive/My Drive/Datasets/HW9Image/dataset/train/359.jpg,443,262,502,335,tennis
/content/drive/My Drive/Datasets/HW9Image/dataset/train/359.jpg,507,248,567,318,tennis
/content/drive/My Drive/Datasets/HW9Image/dataset/train/359.jpg,562,238,623,307,tennis
/content/drive/My Drive/Datasets/HW9Image/dataset/train/359.jpg,324,389,380,467,tennis
/content/drive/My Drive/Datasets/HW9Image/dataset/train/390.jpg,,,,,
/content/drive/My Drive/Datasets/HW9Image/dataset/train/381.jpg,,,,,
/content/drive/My Drive/Datasets/HW9Image/dataset/train/368.jpg,73,193,185,236,tennis
/content/drive/My Drive/Datasets/HW9Image/dataset/train/368.jpg,70,238,185,283,tennis
/content/drive/My Drive/Datasets/HW9Image/dataset/train/368.jpg,67,287,182,336,tennis
/content/drive/My Drive/Datasets/HW9Image/dataset/train/368.jpg,65,338,182,388,tennis
/content/drive/My Drive/Datasets/HW9Image/dataset/train/356.jpg,228,164,280,247,tennis
/content/drive/My Drive/Datasets/HW9Image/dataset/train/356.jpg,279,169,338,251,tennis
/content/drive/My Drive/Datasets/HW9Image/dataset/train/356.jpg,200,293,259,387,tennis
/content/drive/My Drive/Datasets/HW9Image/dataset/train/356.jpg,258,299,315,390,tennis
/content/drive/My Drive/Datasets/HW9Image/dataset/train/353.jpg,385,373,464,463,tennis
/content/drive/My Drive/Datasets/HW9Image/dataset/train/353.jpg,440,396,507,483,tennis
/content/drive/My Drive/Datasets/HW9Image/dataset/train/353.jpg,490,420,575,510,tennis
/content/drive/My Drive/Datasets/HW9Image/dataset/train/353.jpg,545,442,626,529,tennis
/content/drive/My Drive/Datasets/HW9Image/dataset/train/385.jpg,,,,,
/content/drive/My Drive/Datasets/HW9Image/dataset/train/372.jpg,,,,,
/content/drive/My Drive/Datasets/HW9Image/dataset/train/358.jpg,258,426,300,513,tennis
/content/drive/My Drive/Datasets/HW9Image/dataset/train/358.jpg,311,425,352,507,tennis
/content/drive/My Drive/Datasets/HW9Image/dataset/train/358.jpg,225,313,265,388,tennis
/content/drive/My Drive/Datasets/HW9Image/dataset/train/358.jpg,275,314,314,387,tennis
/content/drive/My Drive/Datasets/HW9Image/dataset/train/358.jpg,319,313,367,386,tennis
/content/drive/My Drive/Datasets/HW9Image/dataset/train/358.jpg,221,118,256,178,tennis
/content/drive/My Drive/Datasets/HW9Image/dataset/train/358.jpg,263,118,301,178,tennis
/content/drive/My Drive/Datasets/HW9Image/dataset/train/358.jpg,305,118,341,178,tennis
/content/drive/My Drive/Datasets/HW9Image/dataset/train/358.jpg,348,118,387,178,tennis
/content/drive/My Drive/Datasets/HW9Image/dataset/train/358.jpg,412,82,448,143,tennis
/content/drive/My Drive/Datasets/HW9Image/dataset/train/358.jpg,451,82,489,143,tennis
/content/drive/My Drive/Datasets/HW9Image/dataset/train/363.jpg,453,197,492,270,tennis
/content/drive/My Drive/Datasets/HW9Image/dataset/train/363.jpg,500,205,543,274,tennis
/content/drive/My Drive/Datasets/HW9Image/dataset/train/363.jpg,546,209,589,280,tennis
/content/drive/My Drive/Datasets/HW9Image/dataset/train/363.jpg,595,211,637,283,tennis
/content/drive/My Drive/Datasets/HW9Image/dataset/train/401.jpg,,,,,
/content/drive/My Drive/Datasets/HW9Image/dataset/train/404.jpg,,,,,
/content/drive/My Drive/Datasets/HW9Image/dataset/train/382.jpg,,,,,
/content/drive/My Drive/Datasets/HW9Image/dataset/train/384.jpg,,,,,
/content/drive/My Drive/Datasets/HW9Image/dataset/train/366.jpg,185,229,232,292,tennis
/content/drive/My Drive/Datasets/HW9Image/dataset/train/366.jpg,232,218,278,281,tennis
/content/drive/My Drive/Datasets/HW9Image/dataset/train/366.jpg,268,209,318,272,tennis
/content/drive/My Drive/Datasets/HW9Image/dataset/train/366.jpg,323,211,377,271,tennis
/content/drive/My Drive/Datasets/HW9Image/dataset/train/366.jpg,363,200,413,261,tennis
/content/drive/My Drive/Datasets/HW9Image/dataset/train/366.jpg,408,189,458,251,tennis
/content/drive/My Drive/Datasets/HW9Image/dataset/train/366.jpg,443,180,494,240,tennis
/content/drive/My Drive/Datasets/HW9Image/dataset/train/366.jpg,489,170,540,226,tennis
/content/drive/My Drive/Datasets/HW9Image/dataset/train/366.jpg,526,159,575,218,tennis
/content/drive/My Drive/Datasets/HW9Image/dataset/train/352.jpg,336,67,384,111,tennis
/content/drive/My Drive/Datasets/HW9Image/dataset/train/352.jpg,357,56,412,97,tennis
/content/drive/My Drive/Datasets/HW9Image/dataset/train/352.jpg,78,173,155,228,baseball
/content/drive/My Drive/Datasets/HW9Image/dataset/train/352.jpg,156,370,240,434,baseball
/content/drive/My Drive/Datasets/HW9Image/dataset/train/416.jpg,,,,,
/content/drive/My Drive/Datasets/HW9Image/dataset/train/351.jpg,365,232,425,306,tennis
/content/drive/My Drive/Datasets/HW9Image/dataset/train/351.jpg,413,223,475,295,tennis
/content/drive/My Drive/Datasets/HW9Image/dataset/train/361.jpg,303,151,385,206,tennis
/content/drive/My Drive/Datasets/HW9Image/dataset/train/361.jpg,281,189,369,240,tennis
/content/drive/My Drive/Datasets/HW9Image/dataset/train/361.jpg,189,264,353,389,baseball
/content/drive/My Drive/Datasets/HW9Image/dataset/train/357.jpg,121,128,222,198,tennis
/content/drive/My Drive/Datasets/HW9Image/dataset/train/357.jpg,165,92,262,159,tennis
/content/drive/My Drive/Datasets/HW9Image/dataset/train/374.jpg,,,,,
/content/drive/My Drive/Datasets/HW9Image/dataset/train/408.jpg,,,,,
/content/drive/My Drive/Datasets/HW9Image/dataset/train/389.jpg,,,,,
/content/drive/My Drive/Datasets/HW9Image/dataset/train/364.jpg,486,569,575,637,tennis
/content/drive/My Drive/Datasets/HW9Image/dataset/train/364.jpg,455,468,537,528,tennis
/content/drive/My Drive/Datasets/HW9Image/dataset/train/364.jpg,648,511,711,560,tennis
/content/drive/My Drive/Datasets/HW9Image/dataset/train/364.jpg,640,186,691,225,tennis
/content/drive/My Drive/Datasets/HW9Image/dataset/train/364.jpg,672,218,722,260,tennis
/content/drive/My Drive/Datasets/HW9Image/dataset/train/364.jpg,622,257,672,301,tennis
/content/drive/My Drive/Datasets/HW9Image/dataset/train/364.jpg,655,285,709,331,tennis
/content/drive/My Drive/Datasets/HW9Image/dataset/train/364.jpg,679,326,732,371,tennis
/content/drive/My Drive/Datasets/HW9Image/dataset/train/364.jpg,569,298,614,339,tennis
/content/drive/My Drive/Datasets/HW9Image/dataset/train/364.jpg,602,330,660,372,tennis
/content/drive/My Drive/Datasets/HW9Image/dataset/train/364.jpg,628,371,683,418,tennis
/content/drive/My Drive/Datasets/HW9Image/dataset/train/364.jpg,653,419,709,465,tennis
/content/drive/My Drive/Datasets/HW9Image/dataset/train/364.jpg,545,369,609,418,tennis
/content/drive/My Drive/Datasets/HW9Image/dataset/train/364.jpg,569,422,625,469,tennis
/content/drive/My Drive/Datasets/HW9Image/dataset/train/364.jpg,594,473,648,517,tennis
/content/drive/My Drive/Datasets/HW9Image/dataset/train/375.jpg,,,,,
/content/drive/My Drive/Datasets/HW9Image/dataset/train/365.jpg,102,315,168,423,tennis
/content/drive/My Drive/Datasets/HW9Image/dataset/train/365.jpg,172,301,238,418,tennis
/content/drive/My Drive/Datasets/HW9Image/dataset/train/365.jpg,263,305,328,411,tennis
/content/drive/My Drive/Datasets/HW9Image/dataset/train/365.jpg,335,300,400,403,tennis
/content/drive/My Drive/Datasets/HW9Image/dataset/train/365.jpg,425,294,489,396,tennis
/content/drive/My Drive/Datasets/HW9Image/dataset/train/365.jpg,494,291,558,392,tennis
/content/drive/My Drive/Datasets/HW9Image/dataset/train/365.jpg,595,282,665,383,tennis
/content/drive/My Drive/Datasets/HW9Image/dataset/train/365.jpg,660,276,733,377,tennis
/content/drive/My Drive/Datasets/HW9Image/dataset/train/365.jpg,728,274,802,371,tennis
/content/drive/My Drive/Datasets/HW9Image/dataset/train/365.jpg,792,268,868,367,tennis
/content/drive/My Drive/Datasets/HW9Image/dataset/train/392.jpg,,,,,
/content/drive/My Drive/Datasets/HW9Image/dataset/train/478.jpg,248,89,302,140,baseball
/content/drive/My Drive/Datasets/HW9Image/dataset/train/478.jpg,442,305,536,379,baseball
/content/drive/My Drive/Datasets/HW9Image/dataset/train/430.jpg,,,,,
/content/drive/My Drive/Datasets/HW9Image/dataset/train/472.jpg,119,222,219,293,baseball
/content/drive/My Drive/Datasets/HW9Image/dataset/train/483.jpg,924,96,1009,160,baseball
/content/drive/My Drive/Datasets/HW9Image/dataset/train/483.jpg,932,182,998,236,baseball
/content/drive/My Drive/Datasets/HW9Image/dataset/train/471.jpg,597,346,744,454,baseball
/content/drive/My Drive/Datasets/HW9Image/dataset/train/471.jpg,101,305,151,388,tennis
/content/drive/My Drive/Datasets/HW9Image/dataset/train/471.jpg,158,301,206,376,tennis
/content/drive/My Drive/Datasets/HW9Image/dataset/train/426.jpg,,,,,
/content/drive/My Drive/Datasets/HW9Image/dataset/train/453.jpg,,,,,
/content/drive/My Drive/Datasets/HW9Image/dataset/train/432.jpg,,,,,
/content/drive/My Drive/Datasets/HW9Image/dataset/train/470.jpg,,,,,
/content/drive/My Drive/Datasets/HW9Image/dataset/train/455.jpg,230,233,289,303,tennis
/content/drive/My Drive/Datasets/HW9Image/dataset/train/455.jpg,276,212,338,278,tennis
/content/drive/My Drive/Datasets/HW9Image/dataset/train/455.jpg,400,153,460,213,tennis
/content/drive/My Drive/Datasets/HW9Image/dataset/train/455.jpg,444,132,505,193,tennis
/content/drive/My Drive/Datasets/HW9Image/dataset/train/466.jpg,311,75,391,131,baseball
/content/drive/My Drive/Datasets/HW9Image/dataset/train/466.jpg,184,246,250,297,baseball
/content/drive/My Drive/Datasets/HW9Image/dataset/train/466.jpg,301,362,370,427,baseball
/content/drive/My Drive/Datasets/HW9Image/dataset/train/466.jpg,82,255,133,294,baseball
/content/drive/My Drive/Datasets/HW9Image/dataset/train/449.jpg,,,,,
/content/drive/My Drive/Datasets/HW9Image/dataset/train/488.jpg,347,36,396,102,tennis
/content/drive/My Drive/Datasets/HW9Image/dataset/train/488.jpg,392,30,441,94,tennis
/content/drive/My Drive/Datasets/HW9Image/dataset/train/488.jpg,372,122,426,191,tennis
/content/drive/My Drive/Datasets/HW9Image/dataset/train/488.jpg,415,113,471,182,tennis
/content/drive/My Drive/Datasets/HW9Image/dataset/train/479.jpg,342,126,427,197,baseball
/content/drive/My Drive/Datasets/HW9Image/dataset/train/479.jpg,668,111,744,171,baseball
/content/drive/My Drive/Datasets/HW9Image/dataset/train/489.jpg,634,118,739,200,baseball
/content/drive/My Drive/Datasets/HW9Image/dataset/train/489.jpg,329,310,370,396,tennis
/content/drive/My Drive/Datasets/HW9Image/dataset/train/489.jpg,388,311,433,397,tennis
/content/drive/My Drive/Datasets/HW9Image/dataset/train/489.jpg,451,314,495,400,tennis
/content/drive/My Drive/Datasets/HW9Image/dataset/train/489.jpg,511,316,555,398,tennis
/content/drive/My Drive/Datasets/HW9Image/dataset/train/437.jpg,,,,,
/content/drive/My Drive/Datasets/HW9Image/dataset/train/448.jpg,,,,,
/content/drive/My Drive/Datasets/HW9Image/dataset/train/481.jpg,404,96,482,154,baseball
/content/drive/My Drive/Datasets/HW9Image/dataset/train/481.jpg,346,274,435,350,baseball
/content/drive/My Drive/Datasets/HW9Image/dataset/train/486.jpg,555,373,665,457,baseball
/content/drive/My Drive/Datasets/HW9Image/dataset/train/493.jpg,602,260,640,315,tennis
/content/drive/My Drive/Datasets/HW9Image/dataset/train/493.jpg,634,260,674,315,tennis
/content/drive/My Drive/Datasets/HW9Image/dataset/train/493.jpg,614,330,652,387,tennis
/content/drive/My Drive/Datasets/HW9Image/dataset/train/493.jpg,647,330,686,386,tennis
/content/drive/My Drive/Datasets/HW9Image/dataset/train/424.jpg,,,,,
/content/drive/My Drive/Datasets/HW9Image/dataset/train/435.jpg,,,,,
/content/drive/My Drive/Datasets/HW9Image/dataset/train/476.jpg,585,348,668,420,baseball
/content/drive/My Drive/Datasets/HW9Image/dataset/train/469.jpg,100,436,176,497,baseball
/content/drive/My Drive/Datasets/HW9Image/dataset/train/469.jpg,553,393,649,476,baseball
/content/drive/My Drive/Datasets/HW9Image/dataset/train/474.jpg,,,,,
/content/drive/My Drive/Datasets/HW9Image/dataset/train/485.jpg,814,25,885,76,baseball
/content/drive/My Drive/Datasets/HW9Image/dataset/train/485.jpg,413,158,512,235,baseball
/content/drive/My Drive/Datasets/HW9Image/dataset/train/485.jpg,657,142,754,217,baseball
/content/drive/My Drive/Datasets/HW9Image/dataset/train/482.jpg,154,109,223,162,baseball
/content/drive/My Drive/Datasets/HW9Image/dataset/train/482.jpg,131,225,209,285,baseball
/content/drive/My Drive/Datasets/HW9Image/dataset/train/528.jpg,,,,,
/content/drive/My Drive/Datasets/HW9Image/dataset/train/497.jpg,154,402,256,498,baseball
/content/drive/My Drive/Datasets/HW9Image/dataset/train/497.jpg,302,338,409,427,baseball
/content/drive/My Drive/Datasets/HW9Image/dataset/train/554.jpg,505,80,603,164,baseball
/content/drive/My Drive/Datasets/HW9Image/dataset/train/554.jpg,530,230,602,316,tennis
/content/drive/My Drive/Datasets/HW9Image/dataset/train/554.jpg,484,246,553,330,tennis
/content/drive/My Drive/Datasets/HW9Image/dataset/train/554.jpg,436,260,505,346,tennis
/content/drive/My Drive/Datasets/HW9Image/dataset/train/554.jpg,388,275,457,361,tennis
/content/drive/My Drive/Datasets/HW9Image/dataset/train/527.jpg,,,,,
/content/drive/My Drive/Datasets/HW9Image/dataset/train/526.jpg,,,,,
/content/drive/My Drive/Datasets/HW9Image/dataset/train/502.jpg,,,,,
/content/drive/My Drive/Datasets/HW9Image/dataset/train/549.jpg,135,267,205,321,baseball
/content/drive/My Drive/Datasets/HW9Image/dataset/train/524.jpg,,,,,
/content/drive/My Drive/Datasets/HW9Image/dataset/train/541.jpg,,,,,
/content/drive/My Drive/Datasets/HW9Image/dataset/train/530.jpg,,,,,
/content/drive/My Drive/Datasets/HW9Image/dataset/train/529.jpg,684,385,797,490,baseball
/content/drive/My Drive/Datasets/HW9Image/dataset/train/531.jpg,,,,,
/content/drive/My Drive/Datasets/HW9Image/dataset/train/494.jpg,528,6,671,102,baseball
/content/drive/My Drive/Datasets/HW9Image/dataset/train/564.jpg,378,37,467,111,baseball
/content/drive/My Drive/Datasets/HW9Image/dataset/train/564.jpg,212,166,240,215,tennis
/content/drive/My Drive/Datasets/HW9Image/dataset/train/564.jpg,242,167,270,216,tennis
/content/drive/My Drive/Datasets/HW9Image/dataset/train/548.jpg,,,,,
/content/drive/My Drive/Datasets/HW9Image/dataset/train/519.jpg,,,,,
/content/drive/My Drive/Datasets/HW9Image/dataset/train/560.jpg,157,182,242,248,baseball
/content/drive/My Drive/Datasets/HW9Image/dataset/train/496.jpg,290,89,355,119,tennis
/content/drive/My Drive/Datasets/HW9Image/dataset/train/496.jpg,290,124,355,151,tennis
/content/drive/My Drive/Datasets/HW9Image/dataset/train/496.jpg,290,157,353,186,tennis
/content/drive/My Drive/Datasets/HW9Image/dataset/train/496.jpg,376,88,439,117,tennis
/content/drive/My Drive/Datasets/HW9Image/dataset/train/496.jpg,458,85,523,112,tennis
/content/drive/My Drive/Datasets/HW9Image/dataset/train/518.jpg,,,,,
/content/drive/My Drive/Datasets/HW9Image/dataset/train/543.jpg,217,134,374,256,baseball
/content/drive/My Drive/Datasets/HW9Image/dataset/train/543.jpg,406,186,464,246,tennis
/content/drive/My Drive/Datasets/HW9Image/dataset/train/543.jpg,439,207,503,270,tennis
/content/drive/My Drive/Datasets/HW9Image/dataset/train/537.jpg,,,,,
/content/drive/My Drive/Datasets/HW9Image/dataset/train/551.jpg,,,,,
/content/drive/My Drive/Datasets/HW9Image/dataset/train/514.jpg,,,,,
/content/drive/My Drive/Datasets/HW9Image/dataset/train/555.jpg,,,,,
/content/drive/My Drive/Datasets/HW9Image/dataset/train/546.jpg,448,27,504,61,baseball
/content/drive/My Drive/Datasets/HW9Image/dataset/train/532.jpg,,,,,
/content/drive/My Drive/Datasets/HW9Image/dataset/train/525.jpg,427,188,496,239,baseball
/content/drive/My Drive/Datasets/HW9Image/dataset/train/525.jpg,332,362,433,444,baseball
/content/drive/My Drive/Datasets/HW9Image/dataset/train/535.jpg,,,,,
/content/drive/My Drive/Datasets/HW9Image/dataset/train/507.jpg,,,,,
/content/drive/My Drive/Datasets/HW9Image/dataset/train/616.jpg,555,145,653,214,baseball
/content/drive/My Drive/Datasets/HW9Image/dataset/train/607.jpg,313,150,348,208,tennis
/content/drive/My Drive/Datasets/HW9Image/dataset/train/607.jpg,351,154,388,209,tennis
/content/drive/My Drive/Datasets/HW9Image/dataset/train/607.jpg,390,155,426,210,tennis
/content/drive/My Drive/Datasets/HW9Image/dataset/train/607.jpg,296,228,333,288,tennis
/content/drive/My Drive/Datasets/HW9Image/dataset/train/607.jpg,337,231,371,290,tennis
/content/drive/My Drive/Datasets/HW9Image/dataset/train/607.jpg,376,233,411,292,tennis
/content/drive/My Drive/Datasets/HW9Image/dataset/train/607.jpg,570,258,605,323,tennis
/content/drive/My Drive/Datasets/HW9Image/dataset/train/607.jpg,604,261,642,324,tennis
/content/drive/My Drive/Datasets/HW9Image/dataset/train/619.jpg,158,130,355,297,baseball
/content/drive/My Drive/Datasets/HW9Image/dataset/train/619.jpg,424,159,485,247,tennis
/content/drive/My Drive/Datasets/HW9Image/dataset/train/619.jpg,477,173,546,263,tennis
/content/drive/My Drive/Datasets/HW9Image/dataset/train/590.jpg,216,41,318,123,baseball
/content/drive/My Drive/Datasets/HW9Image/dataset/train/585.jpg,,,,,
/content/drive/My Drive/Datasets/HW9Image/dataset/train/601.jpg,,,,,
/content/drive/My Drive/Datasets/HW9Image/dataset/train/569.jpg,462,190,557,270,baseball
/content/drive/My Drive/Datasets/HW9Image/dataset/train/609.jpg,878,238,959,275,tennis
/content/drive/My Drive/Datasets/HW9Image/dataset/train/609.jpg,890,284,973,321,tennis
/content/drive/My Drive/Datasets/HW9Image/dataset/train/598.jpg,310,125,393,199,baseball
/content/drive/My Drive/Datasets/HW9Image/dataset/train/598.jpg,335,211,388,257,baseball
/content/drive/My Drive/Datasets/HW9Image/dataset/train/598.jpg,154,176,237,246,baseball
/content/drive/My Drive/Datasets/HW9Image/dataset/train/598.jpg,221,251,272,302,baseball
/content/drive/My Drive/Datasets/HW9Image/dataset/train/598.jpg,319,312,370,361,baseball
/content/drive/My Drive/Datasets/HW9Image/dataset/train/617.jpg,313,44,400,111,baseball
/content/drive/My Drive/Datasets/HW9Image/dataset/train/608.jpg,337,73,517,215,baseball
/content/drive/My Drive/Datasets/HW9Image/dataset/train/608.jpg,388,335,442,432,tennis
/content/drive/My Drive/Datasets/HW9Image/dataset/train/608.jpg,445,334,500,430,tennis
/content/drive/My Drive/Datasets/HW9Image/dataset/train/608.jpg,502,334,557,430,tennis
/content/drive/My Drive/Datasets/HW9Image/dataset/train/608.jpg,563,334,620,430,tennis
/content/drive/My Drive/Datasets/HW9Image/dataset/train/611.jpg,680,226,787,325,baseball
/content/drive/My Drive/Datasets/HW9Image/dataset/train/611.jpg,70,150,231,274,baseball
/content/drive/My Drive/Datasets/HW9Image/dataset/train/571.jpg,,,,,
/content/drive/My Drive/Datasets/HW9Image/dataset/train/592.jpg,451,36,552,116,baseball
/content/drive/My Drive/Datasets/HW9Image/dataset/train/592.jpg,668,414,740,480,baseball
/content/drive/My Drive/Datasets/HW9Image/dataset/train/605.jpg,274,210,394,304,baseball
/content/drive/My Drive/Datasets/HW9Image/dataset/train/605.jpg,78,310,167,391,baseball
/content/drive/My Drive/Datasets/HW9Image/dataset/train/584.jpg,210,199,287,263,baseball
/content/drive/My Drive/Datasets/HW9Image/dataset/train/584.jpg,400,241,448,282,baseball
/content/drive/My Drive/Datasets/HW9Image/dataset/train/584.jpg,655,40,734,100,baseball
/content/drive/My Drive/Datasets/HW9Image/dataset/train/584.jpg,730,126,791,171,baseball
/content/drive/My Drive/Datasets/HW9Image/dataset/train/584.jpg,57,348,117,398,baseball
/content/drive/My Drive/Datasets/HW9Image/dataset/train/586.jpg,107,138,225,242,baseball
/content/drive/My Drive/Datasets/HW9Image/dataset/train/586.jpg,305,149,399,224,baseball
/content/drive/My Drive/Datasets/HW9Image/dataset/train/586.jpg,583,186,669,260,baseball
/content/drive/My Drive/Datasets/HW9Image/dataset/train/586.jpg,452,167,527,203,tennis
/content/drive/My Drive/Datasets/HW9Image/dataset/train/586.jpg,453,200,527,235,tennis
/content/drive/My Drive/Datasets/HW9Image/dataset/train/586.jpg,453,235,526,270,tennis
/content/drive/My Drive/Datasets/HW9Image/dataset/train/586.jpg,454,269,529,305,tennis
/content/drive/My Drive/Datasets/HW9Image/dataset/train/586.jpg,453,305,529,340,tennis
/content/drive/My Drive/Datasets/HW9Image/dataset/train/566.jpg,629,164,728,234,baseball
/content/drive/My Drive/Datasets/HW9Image/dataset/train/596.jpg,462,166,511,252,tennis
/content/drive/My Drive/Datasets/HW9Image/dataset/train/596.jpg,516,166,570,250,tennis
/content/drive/My Drive/Datasets/HW9Image/dataset/train/596.jpg,569,166,626,251,tennis
/content/drive/My Drive/Datasets/HW9Image/dataset/train/596.jpg,624,165,683,251,tennis
/content/drive/My Drive/Datasets/HW9Image/dataset/train/625.jpg,125,219,240,323,baseball
/content/drive/My Drive/Datasets/HW9Image/dataset/train/610.jpg,395,126,485,205,tennis
/content/drive/My Drive/Datasets/HW9Image/dataset/train/582.jpg,263,69,345,133,baseball
/content/drive/My Drive/Datasets/HW9Image/dataset/train/582.jpg,898,314,996,395,baseball
/content/drive/My Drive/Datasets/HW9Image/dataset/train/595.jpg,725,21,798,77,baseball
/content/drive/My Drive/Datasets/HW9Image/dataset/train/595.jpg,528,83,597,136,baseball
/content/drive/My Drive/Datasets/HW9Image/dataset/train/595.jpg,365,202,467,291,baseball
/content/drive/My Drive/Datasets/HW9Image/dataset/train/595.jpg,446,371,522,443,baseball
/content/drive/My Drive/Datasets/HW9Image/dataset/train/595.jpg,96,240,171,315,baseball
/content/drive/My Drive/Datasets/HW9Image/dataset/train/595.jpg,328,406,397,475,baseball
/content/drive/My Drive/Datasets/HW9Image/dataset/train/567.jpg,143,448,210,516,baseball
/content/drive/My Drive/Datasets/HW9Image/dataset/train/567.jpg,260,428,317,486,baseball
/content/drive/My Drive/Datasets/HW9Image/dataset/train/572.jpg,199,335,264,402,baseball
/content/drive/My Drive/Datasets/HW9Image/dataset/train/572.jpg,359,248,456,329,baseball
/content/drive/My Drive/Datasets/HW9Image/dataset/train/589.jpg,508,29,586,93,baseball
/content/drive/My Drive/Datasets/HW9Image/dataset/train/589.jpg,676,13,774,87,baseball
/content/drive/My Drive/Datasets/HW9Image/dataset/train/589.jpg,934,279,1012,350,baseball
/content/drive/My Drive/Datasets/HW9Image/dataset/train/589.jpg,234,186,298,244,baseball
/content/drive/My Drive/Datasets/HW9Image/dataset/train/589.jpg,112,368,218,461,baseball
/content/drive/My Drive/Datasets/HW9Image/dataset/train/589.jpg,741,201,800,229,tennis
/content/drive/My Drive/Datasets/HW9Image/dataset/train/589.jpg,748,224,804,251,tennis
/content/drive/My Drive/Datasets/HW9Image/dataset/train/589.jpg,755,244,813,277,tennis
/content/drive/My Drive/Datasets/HW9Image/dataset/train/589.jpg,763,271,822,301,tennis
/content/drive/My Drive/Datasets/HW9Image/dataset/train/570.jpg,157,252,259,336,baseball
/content/drive/My Drive/Datasets/HW9Image/dataset/train/570.jpg,414,37,561,155,baseball
/content/drive/My Drive/Datasets/HW9Image/dataset/train/570.jpg,596,225,732,348,baseball
/content/drive/My Drive/Datasets/HW9Image/dataset/train/570.jpg,401,297,438,365,tennis
/content/drive/My Drive/Datasets/HW9Image/dataset/train/570.jpg,443,296,479,363,tennis
/content/drive/My Drive/Datasets/HW9Image/dataset/train/570.jpg,485,295,521,363,tennis
/content/drive/My Drive/Datasets/HW9Image/dataset/train/613.jpg,399,51,558,178,baseball
/content/drive/My Drive/Datasets/HW9Image/dataset/train/613.jpg,574,318,684,422,baseball
/content/drive/My Drive/Datasets/HW9Image/dataset/train/613.jpg,242,141,322,222,tennis
/content/drive/My Drive/Datasets/HW9Image/dataset/train/614.jpg,624,78,713,149,baseball
/content/drive/My Drive/Datasets/HW9Image/dataset/train/614.jpg,802,111,864,157,baseball
/content/drive/My Drive/Datasets/HW9Image/dataset/train/614.jpg,320,75,381,124,baseball
/content/drive/My Drive/Datasets/HW9Image/dataset/train/576.jpg,318,111,402,176,baseball
/content/drive/My Drive/Datasets/HW9Image/dataset/train/576.jpg,348,267,433,342,baseball
/content/drive/My Drive/Datasets/HW9Image/dataset/train/576.jpg,209,291,296,370,baseball
/content/drive/My Drive/Datasets/HW9Image/dataset/train/573.jpg,124,125,183,186,baseball
/content/drive/My Drive/Datasets/HW9Image/dataset/train/573.jpg,688,272,740,323,baseball
/content/drive/My Drive/Datasets/HW9Image/dataset/train/603.jpg,222,77,286,131,baseball
/content/drive/My Drive/Datasets/HW9Image/dataset/train/603.jpg,455,175,531,237,baseball
/content/drive/My Drive/Datasets/HW9Image/dataset/train/603.jpg,557,135,663,225,baseball
/content/drive/My Drive/Datasets/HW9Image/dataset/train/603.jpg,580,250,656,314,baseball
/content/drive/My Drive/Datasets/HW9Image/dataset/train/603.jpg,476,267,549,334,baseball
/content/drive/My Drive/Datasets/HW9Image/dataset/train/603.jpg,233,209,314,276,baseball
/content/drive/My Drive/Datasets/HW9Image/dataset/train/603.jpg,240,314,364,423,baseball
/content/drive/My Drive/Datasets/HW9Image/dataset/train/603.jpg,627,376,683,432,baseball
/content/drive/My Drive/Datasets/HW9Image/dataset/train/602.jpg,,,,,
/content/drive/My Drive/Datasets/HW9Image/dataset/train/594.jpg,210,84,293,158,baseball
/content/drive/My Drive/Datasets/HW9Image/dataset/train/594.jpg,78,253,174,347,baseball
/content/drive/My Drive/Datasets/HW9Image/dataset/train/568.jpg,749,385,893,508,baseball
/content/drive/My Drive/Datasets/HW9Image/dataset/train/568.jpg,335,274,395,330,tennis
/content/drive/My Drive/Datasets/HW9Image/dataset/train/568.jpg,364,292,424,348,tennis
/content/drive/My Drive/Datasets/HW9Image/dataset/train/568.jpg,393,308,454,367,tennis
/content/drive/My Drive/Datasets/HW9Image/dataset/train/568.jpg,414,196,469,247,tennis
/content/drive/My Drive/Datasets/HW9Image/dataset/train/568.jpg,443,211,496,263,tennis
/content/drive/My Drive/Datasets/HW9Image/dataset/train/568.jpg,472,229,528,279,tennis
/content/drive/My Drive/Datasets/HW9Image/dataset/train/583.jpg,,,,,
/content/drive/My Drive/Datasets/HW9Image/dataset/train/588.jpg,423,243,516,322,baseball
/content/drive/My Drive/Datasets/HW9Image/dataset/train/588.jpg,364,135,391,179,tennis
/content/drive/My Drive/Datasets/HW9Image/dataset/train/588.jpg,338,141,367,182,tennis
/content/drive/My Drive/Datasets/HW9Image/dataset/train/588.jpg,314,147,341,189,tennis
/content/drive/My Drive/Datasets/HW9Image/dataset/train/588.jpg,289,154,318,198,tennis
/content/drive/My Drive/Datasets/HW9Image/dataset/train/648.jpg,399,20,478,82,baseball
/content/drive/My Drive/Datasets/HW9Image/dataset/train/648.jpg,458,164,551,243,baseball
/content/drive/My Drive/Datasets/HW9Image/dataset/train/648.jpg,635,423,711,493,baseball
/content/drive/My Drive/Datasets/HW9Image/dataset/train/635.jpg,534,59,678,189,baseball
/content/drive/My Drive/Datasets/HW9Image/dataset/train/647.jpg,478,283,551,354,baseball
/content/drive/My Drive/Datasets/HW9Image/dataset/train/629.jpg,436,52,505,108,baseball
/content/drive/My Drive/Datasets/HW9Image/dataset/train/641.jpg,547,39,618,94,baseball
/content/drive/My Drive/Datasets/HW9Image/dataset/train/641.jpg,640,272,776,385,baseball
/content/drive/My Drive/Datasets/HW9Image/dataset/train/644.jpg,719,122,799,196,baseball
/content/drive/My Drive/Datasets/HW9Image/dataset/train/644.jpg,723,275,826,372,baseball
/content/drive/My Drive/Datasets/HW9Image/dataset/train/636.jpg,,,,,
/content/drive/My Drive/Datasets/HW9Image/dataset/train/634.jpg,647,67,760,171,baseball
/content/drive/My Drive/Datasets/HW9Image/dataset/train/639.jpg,455,319,556,416,baseball
/content/drive/My Drive/Datasets/HW9Image/dataset/train/640.jpg,302,94,343,161,tennis
/content/drive/My Drive/Datasets/HW9Image/dataset/train/640.jpg,349,97,389,161,tennis
/content/drive/My Drive/Datasets/HW9Image/dataset/train/640.jpg,395,98,434,163,tennis
/content/drive/My Drive/Datasets/HW9Image/dataset/train/640.jpg,440,99,483,167,tennis
/content/drive/My Drive/Datasets/HW9Image/dataset/train/640.jpg,337,191,379,264,tennis
/content/drive/My Drive/Datasets/HW9Image/dataset/train/640.jpg,385,192,428,264,tennis
/content/drive/My Drive/Datasets/HW9Image/dataset/train/640.jpg,434,194,478,268,tennis
/content/drive/My Drive/Datasets/HW9Image/dataset/train/640.jpg,483,195,525,269,tennis
/content/drive/My Drive/Datasets/HW9Image/dataset/train/640.jpg,528,197,573,273,tennis
/content/drive/My Drive/Datasets/HW9Image/dataset/train/640.jpg,359,299,406,378,tennis
/content/drive/My Drive/Datasets/HW9Image/dataset/train/640.jpg,407,301,453,381,tennis
/content/drive/My Drive/Datasets/HW9Image/dataset/train/640.jpg,450,302,497,382,tennis
/content/drive/My Drive/Datasets/HW9Image/dataset/train/645.jpg,648,184,738,268,baseball
/content/drive/My Drive/Datasets/HW9Image/dataset/train/631.jpg,559,120,665,202,baseball
/content/drive/My Drive/Datasets/HW9Image/dataset/train/631.jpg,697,144,787,222,baseball
/content/drive/My Drive/Datasets/HW9Image/dataset/train/631.jpg,494,283,607,381,baseball
/content/drive/My Drive/Datasets/HW9Image/dataset/train/631.jpg,85,269,212,383,baseball
/content/drive/My Drive/Datasets/HW9Image/dataset/train/631.jpg,322,167,405,205,tennis
/content/drive/My Drive/Datasets/HW9Image/dataset/train/631.jpg,318,205,404,242,tennis
/content/drive/My Drive/Datasets/HW9Image/dataset/train/631.jpg,207,167,294,201,tennis
/content/drive/My Drive/Datasets/HW9Image/dataset/train/631.jpg,201,203,288,239,tennis
/content/drive/My Drive/Datasets/HW9Image/dataset/train/628.jpg,78,4,108,50,tennis
/content/drive/My Drive/Datasets/HW9Image/dataset/train/628.jpg,51,2,82,49,tennis
/content/drive/My Drive/Datasets/HW9Image/dataset/train/628.jpg,23,3,55,49,tennis
/content/drive/My Drive/Datasets/HW9Image/dataset/train/646.jpg,716,23,844,112,baseball
/content/drive/My Drive/Datasets/HW9Image/dataset/train/646.jpg,289,361,397,457,baseball
/content/drive/My Drive/Datasets/HW9Image/dataset/train/637.jpg,582,50,664,109,baseball
/content/drive/My Drive/Datasets/HW9Image/dataset/train/637.jpg,256,84,329,144,baseball
/content/drive/My Drive/Datasets/HW9Image/dataset/train/637.jpg,53,139,139,203,baseball
/content/drive/My Drive/Datasets/HW9Image/dataset/train/637.jpg,713,184,793,246,baseball
/content/drive/My Drive/Datasets/HW9Image/dataset/train/630.jpg,365,319,458,405,baseball
/content/drive/My Drive/Datasets/HW9Image/dataset/train/643.jpg,277,161,322,244,tennis
/content/drive/My Drive/Datasets/HW9Image/dataset/train/643.jpg,325,164,374,247,tennis
/content/drive/My Drive/Datasets/HW9Image/dataset/train/643.jpg,377,167,426,250,tennis
/content/drive/My Drive/Datasets/HW9Image/dataset/train/642.jpg,,,,,
/content/drive/My Drive/Datasets/HW9Image/dataset/train/008.jpg,,,,,
/content/drive/My Drive/Datasets/HW9Image/dataset/train/006.jpg,,,,,
/content/drive/My Drive/Datasets/HW9Image/dataset/train/012.jpg,,,,,
/content/drive/My Drive/Datasets/HW9Image/dataset/train/013.jpg,,,,,
/content/drive/My Drive/Datasets/HW9Image/dataset/train/067.jpg,,,,,
/content/drive/My Drive/Datasets/HW9Image/dataset/train/068.jpg,,,,,
/content/drive/My Drive/Datasets/HW9Image/dataset/train/064.jpg,,,,,
/content/drive/My Drive/Datasets/HW9Image/dataset/train/076.jpg,,,,,
/content/drive/My Drive/Datasets/HW9Image/dataset/train/072.jpg,,,,,
/content/drive/My Drive/Datasets/HW9Image/dataset/train/083.jpg,,,,,
/content/drive/My Drive/Datasets/HW9Image/dataset/train/074.jpg,,,,,
/content/drive/My Drive/Datasets/HW9Image/dataset/train/040.jpg,,,,,
/content/drive/My Drive/Datasets/HW9Image/dataset/train/110.jpg,,,,,
/content/drive/My Drive/Datasets/HW9Image/dataset/train/052.jpg,,,,,
/content/drive/My Drive/Datasets/HW9Image/dataset/train/048.jpg,,,,,
/content/drive/My Drive/Datasets/HW9Image/dataset/train/054.jpg,,,,,
/content/drive/My Drive/Datasets/HW9Image/dataset/train/100.jpg,,,,,
/content/drive/My Drive/Datasets/HW9Image/dataset/train/031.jpg,,,,,
/content/drive/My Drive/Datasets/HW9Image/dataset/train/032.jpg,,,,,
/content/drive/My Drive/Datasets/HW9Image/dataset/train/017.jpg,,,,,
/content/drive/My Drive/Datasets/HW9Image/dataset/train/047.jpg,,,,,
/content/drive/My Drive/Datasets/HW9Image/dataset/train/030.jpg,,,,,
/content/drive/My Drive/Datasets/HW9Image/dataset/train/029.jpg,,,,,
/content/drive/My Drive/Datasets/HW9Image/dataset/train/046.jpg,,,,,
/content/drive/My Drive/Datasets/HW9Image/dataset/train/037.jpg,,,,,
/content/drive/My Drive/Datasets/HW9Image/dataset/train/015.jpg,,,,,
/content/drive/My Drive/Datasets/HW9Image/dataset/train/011.jpg,,,,,
/content/drive/My Drive/Datasets/HW9Image/dataset/train/018.jpg,,,,,
/content/drive/My Drive/Datasets/HW9Image/dataset/train/024.jpg,,,,,
/content/drive/My Drive/Datasets/HW9Image/dataset/train/049.jpg,,,,,
/content/drive/My Drive/Datasets/HW9Image/dataset/train/004.jpg,,,,,
/content/drive/My Drive/Datasets/HW9Image/dataset/train/041.jpg,,,,,
/content/drive/My Drive/Datasets/HW9Image/dataset/train/095.jpg,105,93,188,179,baseball
/content/drive/My Drive/Datasets/HW9Image/dataset/train/095.jpg,321,139,378,196,baseball
/content/drive/My Drive/Datasets/HW9Image/dataset/train/095.jpg,414,108,496,192,baseball
/content/drive/My Drive/Datasets/HW9Image/dataset/train/081.jpg,827,204,906,289,baseball
/content/drive/My Drive/Datasets/HW9Image/dataset/train/081.jpg,811,482,892,568,baseball
/content/drive/My Drive/Datasets/HW9Image/dataset/train/081.jpg,254,386,321,461,baseball
/content/drive/My Drive/Datasets/HW9Image/dataset/train/081.jpg,640,51,677,110,tennis
/content/drive/My Drive/Datasets/HW9Image/dataset/train/081.jpg,644,107,680,165,tennis
/content/drive/My Drive/Datasets/HW9Image/dataset/train/081.jpg,646,170,684,224,tennis
/content/drive/My Drive/Datasets/HW9Image/dataset/train/081.jpg,650,225,682,281,tennis
/content/drive/My Drive/Datasets/HW9Image/dataset/train/081.jpg,653,282,688,334,tennis
/content/drive/My Drive/Datasets/HW9Image/dataset/train/081.jpg,657,338,688,393,tennis
/content/drive/My Drive/Datasets/HW9Image/dataset/train/084.jpg,583,233,687,343,baseball
/content/drive/My Drive/Datasets/HW9Image/dataset/train/084.jpg,490,395,585,481,tennis
/content/drive/My Drive/Datasets/HW9Image/dataset/train/070.jpg,,,,,
/content/drive/My Drive/Datasets/HW9Image/dataset/train/088.jpg,504,19,569,63,baseball
/content/drive/My Drive/Datasets/HW9Image/dataset/train/088.jpg,602,106,670,158,baseball
/content/drive/My Drive/Datasets/HW9Image/dataset/train/088.jpg,568,505,648,576,baseball
/content/drive/My Drive/Datasets/HW9Image/dataset/train/062.jpg,,,,,
/content/drive/My Drive/Datasets/HW9Image/dataset/train/086.jpg,903,79,996,176,baseball
/content/drive/My Drive/Datasets/HW9Image/dataset/train/086.jpg,104,470,167,541,baseball
/content/drive/My Drive/Datasets/HW9Image/dataset/train/086.jpg,36,611,68,667,tennis
/content/drive/My Drive/Datasets/HW9Image/dataset/train/086.jpg,68,611,98,667,tennis
/content/drive/My Drive/Datasets/HW9Image/dataset/train/086.jpg,98,611,128,667,tennis
/content/drive/My Drive/Datasets/HW9Image/dataset/train/086.jpg,128,611,159,667,tennis
/content/drive/My Drive/Datasets/HW9Image/dataset/train/085.jpg,347,193,429,277,baseball
/content/drive/My Drive/Datasets/HW9Image/dataset/train/085.jpg,486,187,587,292,baseball
/content/drive/My Drive/Datasets/HW9Image/dataset/train/085.jpg,467,493,496,553,tennis
/content/drive/My Drive/Datasets/HW9Image/dataset/train/085.jpg,497,494,528,549,tennis
/content/drive/My Drive/Datasets/HW9Image/dataset/train/069.jpg,,,,,
/content/drive/My Drive/Datasets/HW9Image/dataset/train/090.jpg,773,73,864,175,baseball
/content/drive/My Drive/Datasets/HW9Image/dataset/train/090.jpg,884,164,983,262,baseball
/content/drive/My Drive/Datasets/HW9Image/dataset/train/065.jpg,,,,,
/content/drive/My Drive/Datasets/HW9Image/dataset/train/101.jpg,78,38,161,127,baseball
/content/drive/My Drive/Datasets/HW9Image/dataset/train/101.jpg,293,143,379,230,baseball
/content/drive/My Drive/Datasets/HW9Image/dataset/train/101.jpg,202,288,285,376,baseball
/content/drive/My Drive/Datasets/HW9Image/dataset/train/101.jpg,859,392,943,484,baseball
/content/drive/My Drive/Datasets/HW9Image/dataset/train/101.jpg,898,592,984,680,baseball
/content/drive/My Drive/Datasets/HW9Image/dataset/train/099.jpg,191,459,276,548,baseball
/content/drive/My Drive/Datasets/HW9Image/dataset/train/099.jpg,537,317,624,406,baseball
/content/drive/My Drive/Datasets/HW9Image/dataset/train/099.jpg,471,532,549,614,baseball
/content/drive/My Drive/Datasets/HW9Image/dataset/train/099.jpg,740,564,817,643,baseball
/content/drive/My Drive/Datasets/HW9Image/dataset/train/096.jpg,341,285,430,380,baseball
/content/drive/My Drive/Datasets/HW9Image/dataset/train/096.jpg,535,417,618,503,baseball
/content/drive/My Drive/Datasets/HW9Image/dataset/train/103.jpg,96,321,211,400,baseball
/content/drive/My Drive/Datasets/HW9Image/dataset/train/103.jpg,349,225,467,302,baseball
/content/drive/My Drive/Datasets/HW9Image/dataset/train/103.jpg,594,337,667,386,baseball
/content/drive/My Drive/Datasets/HW9Image/dataset/train/055.jpg,,,,,
/content/drive/My Drive/Datasets/HW9Image/dataset/train/082.jpg,864,118,924,185,baseball
/content/drive/My Drive/Datasets/HW9Image/dataset/train/082.jpg,825,495,906,583,baseball
/content/drive/My Drive/Datasets/HW9Image/dataset/train/057.jpg,,,,,
/content/drive/My Drive/Datasets/HW9Image/dataset/train/093.jpg,346,121,419,170,baseball
/content/drive/My Drive/Datasets/HW9Image/dataset/train/093.jpg,315,178,381,235,baseball
/content/drive/My Drive/Datasets/HW9Image/dataset/train/093.jpg,323,300,389,357,baseball
/content/drive/My Drive/Datasets/HW9Image/dataset/train/093.jpg,215,401,285,464,baseball
/content/drive/My Drive/Datasets/HW9Image/dataset/train/093.jpg,182,472,252,529,baseball
/content/drive/My Drive/Datasets/HW9Image/dataset/train/097.jpg,61,255,133,330,baseball
/content/drive/My Drive/Datasets/HW9Image/dataset/train/097.jpg,387,205,460,286,baseball
/content/drive/My Drive/Datasets/HW9Image/dataset/train/097.jpg,327,345,399,422,baseball
/content/drive/My Drive/Datasets/HW9Image/dataset/train/097.jpg,197,406,261,475,baseball
/content/drive/My Drive/Datasets/HW9Image/dataset/train/097.jpg,844,315,906,381,baseball
/content/drive/My Drive/Datasets/HW9Image/dataset/train/097.jpg,941,508,1016,585,baseball
/content/drive/My Drive/Datasets/HW9Image/dataset/train/102.jpg,446,168,544,270,baseball
/content/drive/My Drive/Datasets/HW9Image/dataset/train/102.jpg,491,415,588,515,baseball
/content/drive/My Drive/Datasets/HW9Image/dataset/train/102.jpg,694,428,776,508,baseball
/content/drive/My Drive/Datasets/HW9Image/dataset/train/102.jpg,288,133,357,202,tennis
/content/drive/My Drive/Datasets/HW9Image/dataset/train/102.jpg,311,109,382,173,tennis
/content/drive/My Drive/Datasets/HW9Image/dataset/train/102.jpg,334,79,403,148,tennis
/content/drive/My Drive/Datasets/HW9Image/dataset/train/102.jpg,358,53,430,118,tennis
/content/drive/My Drive/Datasets/HW9Image/dataset/train/075.jpg,,,,,
/content/drive/My Drive/Datasets/HW9Image/dataset/train/094.jpg,294,73,399,181,baseball
/content/drive/My Drive/Datasets/HW9Image/dataset/train/094.jpg,271,448,379,561,baseball
/content/drive/My Drive/Datasets/HW9Image/dataset/train/094.jpg,54,26,104,95,tennis
/content/drive/My Drive/Datasets/HW9Image/dataset/train/094.jpg,54,100,104,173,tennis
/content/drive/My Drive/Datasets/HW9Image/dataset/train/094.jpg,60,176,105,249,tennis
/content/drive/My Drive/Datasets/HW9Image/dataset/train/094.jpg,65,254,109,329,tennis
/content/drive/My Drive/Datasets/HW9Image/dataset/train/098.jpg,232,207,315,296,baseball
/content/drive/My Drive/Datasets/HW9Image/dataset/train/098.jpg,589,92,673,181,baseball
/content/drive/My Drive/Datasets/HW9Image/dataset/train/098.jpg,505,300,581,383,baseball
/content/drive/My Drive/Datasets/HW9Image/dataset/train/098.jpg,387,449,456,520,baseball
/content/drive/My Drive/Datasets/HW9Image/dataset/train/098.jpg,577,553,645,623,baseball
/content/drive/My Drive/Datasets/HW9Image/dataset/train/098.jpg,769,353,846,435,baseball
/content/drive/My Drive/Datasets/HW9Image/dataset/train/092.jpg,356,90,426,162,baseball
/content/drive/My Drive/Datasets/HW9Image/dataset/train/092.jpg,262,132,333,207,baseball
/content/drive/My Drive/Datasets/HW9Image/dataset/train/092.jpg,478,354,577,452,baseball
/content/drive/My Drive/Datasets/HW9Image/dataset/train/092.jpg,372,412,467,511,baseball
/content/drive/My Drive/Datasets/HW9Image/dataset/train/092.jpg,564,440,690,577,baseball
/content/drive/My Drive/Datasets/HW9Image/dataset/train/092.jpg,425,508,550,634,baseball
/content/drive/My Drive/Datasets/HW9Image/dataset/train/130.jpg,719,363,790,437,baseball
/content/drive/My Drive/Datasets/HW9Image/dataset/train/113.jpg,224,45,331,105,baseball
/content/drive/My Drive/Datasets/HW9Image/dataset/train/113.jpg,226,217,312,275,baseball
/content/drive/My Drive/Datasets/HW9Image/dataset/train/113.jpg,182,396,265,460,baseball
/content/drive/My Drive/Datasets/HW9Image/dataset/train/113.jpg,393,296,466,353,baseball
/content/drive/My Drive/Datasets/HW9Image/dataset/train/118.jpg,486,142,583,242,baseball
/content/drive/My Drive/Datasets/HW9Image/dataset/train/116.jpg,509,173,606,273,baseball
/content/drive/My Drive/Datasets/HW9Image/dataset/train/116.jpg,670,266,757,359,baseball
/content/drive/My Drive/Datasets/HW9Image/dataset/train/128.jpg,296,289,387,386,baseball
/content/drive/My Drive/Datasets/HW9Image/dataset/train/145.jpg,491,306,553,397,tennis
/content/drive/My Drive/Datasets/HW9Image/dataset/train/145.jpg,549,326,612,417,tennis
/content/drive/My Drive/Datasets/HW9Image/dataset/train/145.jpg,433,418,509,510,tennis
/content/drive/My Drive/Datasets/HW9Image/dataset/train/145.jpg,494,439,569,534,tennis
/content/drive/My Drive/Datasets/HW9Image/dataset/train/119.jpg,529,154,628,260,baseball
/content/drive/My Drive/Datasets/HW9Image/dataset/train/119.jpg,309,246,402,353,baseball
/content/drive/My Drive/Datasets/HW9Image/dataset/train/119.jpg,710,274,777,374,tennis
/content/drive/My Drive/Datasets/HW9Image/dataset/train/119.jpg,758,297,821,391,tennis
/content/drive/My Drive/Datasets/HW9Image/dataset/train/108.jpg,161,100,259,197,baseball
/content/drive/My Drive/Datasets/HW9Image/dataset/train/108.jpg,737,144,830,236,baseball
/content/drive/My Drive/Datasets/HW9Image/dataset/train/108.jpg,490,273,586,365,baseball
/content/drive/My Drive/Datasets/HW9Image/dataset/train/108.jpg,299,455,394,548,baseball
/content/drive/My Drive/Datasets/HW9Image/dataset/train/131.jpg,373,548,472,651,baseball
/content/drive/My Drive/Datasets/HW9Image/dataset/train/124.jpg,772,310,867,401,baseball
/content/drive/My Drive/Datasets/HW9Image/dataset/train/122.jpg,528,239,615,338,baseball
/content/drive/My Drive/Datasets/HW9Image/dataset/train/120.jpg,172,149,277,259,baseball
/content/drive/My Drive/Datasets/HW9Image/dataset/train/111.jpg,143,184,216,264,baseball
/content/drive/My Drive/Datasets/HW9Image/dataset/train/111.jpg,770,366,886,506,baseball
/content/drive/My Drive/Datasets/HW9Image/dataset/train/129.jpg,577,121,660,204,baseball
/content/drive/My Drive/Datasets/HW9Image/dataset/train/129.jpg,782,169,874,270,baseball
/content/drive/My Drive/Datasets/HW9Image/dataset/train/151.jpg,,,,,
/content/drive/My Drive/Datasets/HW9Image/dataset/train/112.jpg,512,56,566,108,baseball
/content/drive/My Drive/Datasets/HW9Image/dataset/train/112.jpg,365,124,437,196,baseball
/content/drive/My Drive/Datasets/HW9Image/dataset/train/112.jpg,490,172,550,235,baseball
/content/drive/My Drive/Datasets/HW9Image/dataset/train/112.jpg,510,248,582,317,baseball
/content/drive/My Drive/Datasets/HW9Image/dataset/train/112.jpg,378,269,444,330,baseball
/content/drive/My Drive/Datasets/HW9Image/dataset/train/112.jpg,478,334,535,391,baseball
/content/drive/My Drive/Datasets/HW9Image/dataset/train/112.jpg,676,31,774,139,baseball
/content/drive/My Drive/Datasets/HW9Image/dataset/train/112.jpg,730,107,830,206,baseball
/content/drive/My Drive/Datasets/HW9Image/dataset/train/115.jpg,530,252,632,370,baseball
/content/drive/My Drive/Datasets/HW9Image/dataset/train/123.jpg,397,188,467,256,baseball
/content/drive/My Drive/Datasets/HW9Image/dataset/train/132.jpg,210,538,312,649,baseball
/content/drive/My Drive/Datasets/HW9Image/dataset/train/132.jpg,534,550,601,619,baseball
/content/drive/My Drive/Datasets/HW9Image/dataset/train/132.jpg,720,111,821,230,baseball
/content/drive/My Drive/Datasets/HW9Image/dataset/train/146.jpg,118,255,212,288,tennis
/content/drive/My Drive/Datasets/HW9Image/dataset/train/146.jpg,109,216,200,245,tennis
/content/drive/My Drive/Datasets/HW9Image/dataset/train/146.jpg,99,179,189,209,tennis
/content/drive/My Drive/Datasets/HW9Image/dataset/train/146.jpg,92,143,178,172,tennis
/content/drive/My Drive/Datasets/HW9Image/dataset/train/146.jpg,82,111,169,140,tennis
/content/drive/My Drive/Datasets/HW9Image/dataset/train/146.jpg,78,77,158,106,tennis
/content/drive/My Drive/Datasets/HW9Image/dataset/train/146.jpg,379,1,552,107,baseball
/content/drive/My Drive/Datasets/HW9Image/dataset/train/144.jpg,,,,,
/content/drive/My Drive/Datasets/HW9Image/dataset/train/125.jpg,286,180,390,292,baseball
/content/drive/My Drive/Datasets/HW9Image/dataset/train/125.jpg,511,332,617,438,baseball
/content/drive/My Drive/Datasets/HW9Image/dataset/train/148.jpg,199,348,275,467,tennis
/content/drive/My Drive/Datasets/HW9Image/dataset/train/148.jpg,287,349,362,470,tennis
/content/drive/My Drive/Datasets/HW9Image/dataset/train/149.jpg,538,316,621,439,tennis
/content/drive/My Drive/Datasets/HW9Image/dataset/train/149.jpg,619,317,707,438,tennis
/content/drive/My Drive/Datasets/HW9Image/dataset/train/134.jpg,,,,,
/content/drive/My Drive/Datasets/HW9Image/dataset/train/142.jpg,151,133,218,216,tennis
/content/drive/My Drive/Datasets/HW9Image/dataset/train/142.jpg,212,144,271,230,tennis
/content/drive/My Drive/Datasets/HW9Image/dataset/train/140.jpg,288,83,401,126,tennis
/content/drive/My Drive/Datasets/HW9Image/dataset/train/140.jpg,291,132,405,179,tennis
/content/drive/My Drive/Datasets/HW9Image/dataset/train/106.jpg,302,248,402,348,baseball
